S. No.,Name of the Employee,Emp ID,Designation,Project Manager ID,Reporting Manager,Created by,Created Date,scenario name
1,Adhithya Karthikeyan,156,BA,123,Chaitanya Murali,,,
2,Selvaraj Sebastian Srikanth Kumar,173,BA,123,Chaitanya Murali,,,
3,Jeevitha Mallichetty,214,SC,123,Chaitanya Murali,,,
4,Chaitanya Teja Gudlavalleti,220,SC,123,Chaitanya Murali,,,
5,Soubhagya Das,225,BA,123,Chaitanya Murali,,,
6,Aakriti Salampuria,274,C,123,Chaitanya Murali,,,
7,Noel Rittick Bar,276,C,123,Chaitanya Murali,,,
8,Saheer Md,151,BA,100,Lakshman Chowdary,,,
9,Jyoti Ambi,216,SC,100,Lakshman Chowdary,,,
10,Sanjay Singh,249,C,100,Lakshman Chowdary,,,
11,Siva Kumar K,251,SC,100,Lakshman Chowdary,,,
12,N Ramesh Naidu,254,C,100,Lakshman Chowdary,,,
13,Praneel Naidu Lalam,306,BA,100,Lakshman Chowdary,,,
14,Nagarjuna Reddy,236,SBA,10,Ravikumar Rachuri,,,
15,Anusha Sarilla,296,C,10,Ravikumar Rachuri,,,
16,Anusuya Roy,337,C,10,Ravikumar Rachuri,,,
17,Krishika Ramaswamy,146,BA,208,Ganesh Yeluri,,,
18,Ankita Shah,170,BA,208,Ganesh Yeluri,,,
19,Deepika Gaddam,198,BA,208,Ganesh Yeluri,,,
20,Mudit Bhargava,280,BA,208,Ganesh Yeluri,,,
21,Pranav Kumar,286,BA,208,Ganesh Yeluri,,,
22,Vamsi Raju Kadimisetty,305,BA,208,Ganesh Yeluri,,,
23,Kapil Saini,162,BA,130,ShivaKumar B S,,,
24,P Indumathi,166,BA,130,ShivaKumar B S,,,
25,Sudarshan Saxena,187,SC,130,ShivaKumar B S,,,
26,Nagendra Babu Muddisetty,196,SC,130,ShivaKumar B S,,,
27,Gopi Janardhan Rao Gogineni,211,BA,130,ShivaKumar B S,,,
28,Siddharth Kushwaha,224,BA,130,ShivaKumar B S,,,
29,Megha Bhoj,228,BA,130,ShivaKumar B S,,,
30,Nikitha Shatdarsanam,231,SBA,130,ShivaKumar B S,,,
31,Nafisul Haque,235,BA,130,ShivaKumar B S,,,
32,Kankanala Prashant Sai,260,C,130,ShivaKumar B S,,,
33,Anurag Yadav,278,C,130,ShivaKumar B S,,,
34,Prassanth E,288,BA,130,ShivaKumar B S,,,
35,Arunabh Tiwari,293,SBA,130,ShivaKumar B S,,,
36,Debajyoti Podder,303,BA,130,ShivaKumar B S,,,
37,Priyaranjan Mishra,307,BA,130,ShivaKumar B S,,,
38,Krutika Shivkumar Shahu,324,BA,130,ShivaKumar B S,,,
39,Venkata Sai Chaithanya Gosangi,326,BA,130,ShivaKumar B S,,,
40,Anmol Tripathi,328,BA,130,ShivaKumar B S,,,
41,Uday Kumar Sahukari,332,BA,130,ShivaKumar B S,,,
42,Ashish Kumar Gupta,154,BA,265,Sricharan Nagaram,,,
43,Dolly Gupta,160,BA,265,Sricharan Nagaram,,,
44,Sukalp Shivam,172,BA,265,Sricharan Nagaram,,,
45,Prakhar Sharma,203,BA,265,Sricharan Nagaram,,,
46,Aarzoo Thapliyal,222,BA,265,Sricharan Nagaram,,,
47,Neeraj Singh,297,BA,265,Sricharan Nagaram,,,
48,Deepak Bharati,217,SC,262,Stuti Mittal,,,
49,Arpit Sharma,223,BA,262,Stuti Mittal,,,
50,Deepa Sharma,323,C,262,Stuti Mittal,,,
51,Sahana Reddy,212,SC,37,VikasSChavan,,,
52,Praveen GV,219,BA,37,VikasSChavan,,,
53,Harsh Saraf,221,C,37,VikasSChavan,,,
54,Tejaswini Pamidi,237,C,37,VikasSChavan,,,
55,Sovan Panda,258,C,37,VikasSChavan,,,
56,Vadla Raghavendra,264,C,37,VikasSChavan,,,
57,Ajay Chouhan,271,C,37,VikasSChavan,,,
58,Mayank Khakharia,272,C,37,VikasSChavan,,,
59,Shakthi Prasad Reddy Kattam,279,C,37,VikasSChavan,,,
60,Bir Parkash,284,SC,37,VikasSChavan,,,
61,Karuppaiya Chinnaiah,22,SC,209,Victor Sinha,,,
62,Naveen Kumar,181,SC,209,Victor Sinha,,,
63,Girish NS,218,BA,209,Victor Sinha,,,
64,Gorakh Ghate,242,PC,209,Victor Sinha,,,
65,Ujwala Kambhampati,257,C,209,Victor Sinha,,,
66,Venugopal B,268,C,209,Victor Sinha,,,
67,G Sai Chandana Reddy,270,C,209,Victor Sinha,,,
68,Kavya K K,283,C,209,Victor Sinha,,,
69,Sridatri Banerjee,287,BA,209,Victor Sinha,,,
70,Neha Bakshi,302,SC,209,Victor Sinha,,,
71,Kalyani Narayanaswamy,329,SC,209,Victor Sinha,,,
72,Sravan Kumar Raju C,333,C,209,Victor Sinha,,,
73,Charu Priyadarshini,168,SBA,12,Wahengbam Paramjit Singh,,,
74,Haswitha Madupalli,180,BA,12,Wahengbam Paramjit Singh,,,
75,Vanitha KM,191,SC,12,Wahengbam Paramjit Singh,,,
76,Aditya Sinha,291,C,12,Wahengbam Paramjit Singh,,,
77,Yashwanth Bhairavabhotla,295,C,12,Wahengbam Paramjit Singh,,,
78,Sunil Kumar Gundeboina,298,C,12,Wahengbam Paramjit Singh,,,
79,Krishna Chaitanya Channa,299,C,12,Wahengbam Paramjit Singh,,,
80,Aastha Agarwal,158,BA,206,Suresh Sayammagaru,,,
81,Harshit Gupta,233,C,206,Suresh Sayammagaru,,,
82,Abhilasha Chourasia,241,BA,206,Suresh Sayammagaru,,,
83,Vernon Lobo,267,SBA,206,Suresh Sayammagaru,,,
84,Shweta Das,285,SBA,206,Suresh Sayammagaru,,,
85,Manideep Kandukuri,290,BA,206,Suresh Sayammagaru,,,
86,Anusha Kolli,273,BA,267,Vernon Lobo,,,
87,Chaitanya Murali,123,M,10,Ravikumar Rachuri,,,
88,Lakshman Chowdary,100,SA,206,Suresh Sayammagaru,,,
89,Ravikumar Rachuri,10,SM,206,Suresh Sayammagaru,,,
90,Ganesh Yeluri,208,AM,130,ShivaKumar B S,,,
91,ShivaKumar B S,130,SM,206,Suresh Sayammagaru,,,
92,Sricharan Nagaram,265,AM,206,Suresh Sayammagaru,,,
93,Stuti Mittal,262,AM,10,Ravikumar Rachuri,,,
94,VikasSChavan,37,M,10,Ravikumar Rachuri,,,
95,Victor Sinha,209,AD,206,Suresh Sayammagaru,,,
96,Wahengbam Paramjit Singh,12,M,206,Suresh Sayammagaru,,,
97,Suresh Sayammagaru,206,VP,0,,,,
